Марфа Васильевна Галкина;Вытегра;наб. Полтавская, д. 269;Кордиант;Корректор;8 633 052 31 18;anikitavoronov@mail.ru;1989-06-29;60458
Маслов Демьян Чеславович;Петрозаводск;ш. Свердлова, д. 565;ТГК-16;Писатель;+7 866 205 00 61;kuznetsovemmanuil@yandex.ru;1967-07-04;154532
Вера Макаровна Ефимова;Нижний Тагил;ш. Ленинградское, д. 49 к. 96;Шнейдер Электрик (Schneider Electric);Торговый представитель;8 (618) 357-35-49;marija_57@hotmail.com;1990-03-05;30460
Акулина Захаровна Наумова;Тамбей;пер. Логовой, д. 88 стр. 1;Нижфарм (Nidda Midco);Военный судья;+72021369018;mironovazinaida@yandex.ru;1981-02-15;120834
Нина Аскольдовна Зиновьева;Муравленко;бул. Прудовой, д. 455;ГК ТНС энерго;Автогонщик;8 (264) 784-4371;budimir_49@hotmail.com;1983-09-04;91782
Петрова Раиса Эдуардовна;Буденновск;ш. Интернациональное, д. 5/8 стр. 114;ГК Ташир;Постановщик трюков;+7 052 403 9607;gavrilovanina@yandex.ru;1981-10-24;62344
Анисим Филатович Лазарев;Орехово-Зуево;пр. Станционный, д. 5 к. 6/6;Сахалин Энерджи;Инженер-строитель;87551156887;dkoroleva@yahoo.com;1976-11-21;149071
Вадим Феоктистович Васильев;Плесецк;алл. Приозерная, д. 4 к. 265;Металлокомплект-М;Экономист;8 (955) 631-78-79;dementibeljaev@rambler.ru;1959-02-09;139163
Анжелика Игоревна Ковалева;Мытищи;ул. Кузнецкая, д. 632 стр. 30;Компания Трасса;Дизайнер;+7 (469) 672-88-41;juri1990@yandex.ru;1991-01-27;70870
Борис Феоктистович Рыбаков;Киржач;пер. Панфилова, д. 8;АБ Инбев Эфес (Anheuser-Busch Inbev);Лекальщик;+7 077 396 5017;baranovmoke@rambler.ru;1970-09-25;87808
Абрамова Маргарита Тимуровна;Александров Гай;ш. Ермака, д. 25;Петролеум Трейдинг;Доярка;8 (201) 111-13-45;eliseevaanzhelika@yandex.ru;1979-11-13;170691
Филатова Таисия Романовна;Игнашино;пр. Запрудный, д. 8;Техинком;Археолог;+7 471 186 7303;bbelova@yahoo.com;1957-02-12;106419
Морозов Ерофей Терентьевич;Александровск-Сахалинский;ул. Разина, д. 7/7;Металлстандарт;Аллерголог;8 269 837 5126;potap2016@rambler.ru;1980-08-12;66004
Ермил Дмитриевич Алексеев;Игарка;наб. Восточная, д. 905 к. 3/3;Группа Мэйджор;Патологоанатом;8 (208) 058-26-72;mihalovtvorimir@yandex.ru;1991-05-11;106653
Николай Фролович Тимофеев;Братск;наб. Вокзальная, д. 95 к. 1;Фармкомплект;Логик;+7 553 325 2548;elizar1973@rambler.ru;1985-01-03;28836
Дорофеева Александра Григорьевна;Нязепетровск;алл. Тургенева, д. 370 к. 9;Сладковско-Заречное;Начальник гаупвахты;8 (751) 216-9427;apollon_81@hotmail.com;1962-04-16;156283
Устинова Виктория Ефимовна;Катав-Ивановск;бул. Ангарский, д. 342 к. 2;Тинькофф Банк;Расточник;+7 225 643 28 60;jakovlevkuzma@yahoo.com;1972-11-10;89497
Максимильян Иосифович Куликов;Уварово;бул. Куйбышева, д. 4;Магнит;Инженер-механик;8 (991) 555-73-43;nikonovaolimpiada@yahoo.com;1984-10-10;155237
Козлов Николай Юльевич;Югорск;ул. Кавказская, д. 840 к. 1/6;ГК Орими Трэйд;Рефлексотерапевт;8 (926) 078-6769;zinaida23@rambler.ru;1952-08-14;24080
Карп Валентинович Громов;Нижний Новгород;бул. Орджоникидзе, д. 22 стр. 5;РМ Рейл;Логопед;+74775231417;korolevmechislav@yandex.ru;1957-03-01;33383
Карпова Лора Филипповна;Сергиев Посад;ш. Комсомольское, д. 4 стр. 6;Мособлгаз;Кавалерист;8 (311) 231-5291;fbaranova@mail.ru;1969-11-22;117187
Ульяна Альбертовна Ильина;Осташков;пр. Просторный, д. 329;Башкирэнерго;Фармацевт;+7 852 520 9930;gorbachevcheslav@rambler.ru;1952-12-14;194785
Князев Герасим Марсович;Красная Поляна;алл. Кольцова, д. 825;Кока-Кола Эйчбиси Евразия (Coca-Cola);Виноградарь;86802002612;borislav_2020@mail.ru;1986-11-04;102330
Рубен Иосифович Афанасьев;Радужный;ш. Славянское, д. 98 к. 2/9;Монетка;Мастер педикюра;8 (115) 286-42-64;lavrentevavde@gmail.com;1957-05-28;27717
Федотов Милий Тимурович;Дагомыс;ш. Петровское, д. 495 стр. 675;Татнефть;Ихтиолог;+7 588 288 9037;irina_34@mail.ru;1962-09-26;35879
Ирина Харитоновна Русакова;Октябрьское (Хант.);пр. Беляева, д. 1/4 стр. 16;Монди СЛПК (Mondi);Экономист;+77064732034;okirillov@yahoo.com;1969-04-17;87093
Ермолай Иосипович Данилов;Нефтекамск;алл. Шаумяна, д. 15;Нефтиса;Проводник;+7 315 508 2077;klavdi18@hotmail.com;1953-10-20;128051
Анисимов Борислав Эдгарович;Радужный;бул. Лесный, д. 77;Сибур Холдинг;Кинодраматург;8 (772) 653-6760;bisakova@mail.ru;2000-03-12;136146
Елисей Харитонович Колобов;Новомосковск;пр. Интернациональный, д. 14 стр. 939;Трест КХМ;Филолог;+7 (893) 857-9574;narkis_52@yahoo.com;1979-10-04;59952
Александра Геннадиевна Владимирова;Устюжна;пер. Советов, д. 5/1 к. 79;Группа ГАЗ;Библиотекарь;8 251 874 46 60;denisovnikanor@gmail.com;1984-01-06;184036
Валерия Артемовна Гурьева;Белгород;алл. Панфилова, д. 2 к. 8/5;АБ Инбев Эфес (Anheuser-Busch Inbev);Прокурор;+7 319 806 2016;anikita_1990@mail.ru;1989-12-11;83157
Воронова Наина Богдановна;Верещагино (Перм.);ш. Дорожников, д. 2;Трубная грузовая компания;Корректор;+7 775 813 62 06;zhdanovsidor@mail.ru;2000-07-17;196998
Людмила Георгиевна Анисимова;Таганрог;ш. Северное, д. 4/2;Якобс Дау Эгбертс Рус (Jacobs Douwe Egberts);Уборщик;+7 280 386 86 72;fokinkapiton@yahoo.com;1959-06-11;45072
Лонгин Чеславович Константинов;Новокузнецк;алл. Тукая, д. 141 к. 3/9;Авеста Фармацевтика (Baby Dream);Пожарный;+7 (231) 956-72-04;serge_1987@yandex.ru;1964-01-28;64623
Илья Аксёнович Филатов;Учалы;алл. Декабристов, д. 105;Лаборатория Касперского;Блоггер;+71716184008;zermakova@gmail.com;1995-08-27;169510
Иванна Тимуровна Зыкова;Тырныауз;пер. Линейный, д. 2;Группа Эссен;Крановщик;+72624353984;platon96@mail.ru;1980-12-29;99758
Христофор Трифонович Баранов;Туруханск;наб. Щербакова, д. 2;Фармстандарт;Оториноларинголог;8 615 049 4293;ivan_1980@yahoo.com;2000-10-21;132950
Воронова Оксана Анатольевна;Петушки;пер. Запорожский, д. 26 стр. 493;Новартис Фарма (Novartis);Начальник военного оркестра;8 162 290 41 48;ztretjakova@gmail.com;1970-06-12;165327
Воронцова Ия Никифоровна;Адлер;ш. Октября, д. 87 к. 45;Мария-Ра;Кузнец;+7 (844) 744-18-80;vsemil2003@yandex.ru;1978-07-26;37766
Владимиров Всемил Игнатьевич;Качканар;ш. Придорожное, д. 9/2 к. 6/5;Квадра;Государственный исполнитель;8 (974) 019-2551;bogdan_2003@yahoo.com;1968-07-01;81801
тов. Панфилов Харлампий Антонович;Ковров;пер. Покровский, д. 6/2;Азур Эйр;Холодильщик;8 (212) 284-91-54;arhipovzinovi@rambler.ru;1964-02-17;56863
Ольга Антоновна Кулагина;Агата;ш. Черемуховое, д. 46;СБСВ-Ключавто;Инженер-физик;8 074 772 07 01;zkoshelev@rambler.ru;1989-11-18;174235
Борислав Ярославович Зиновьев;Усть-Баргузин;пер. Таежный, д. 4 стр. 129;АвтоГермес;Маркитант;87323950346;irakli06@gmail.com;1961-09-16;73755
Антонова Агата Александровна;Руза;алл. Бабушкина, д. 382 стр. 144;Слата супермаркет;Кинолог;8 234 853 57 14;borisovakira@yahoo.com;1951-12-10;47097
Гордеева Клавдия Альбертовна;Братск;ул. Спортивная, д. 9 к. 842;Нокиан Шина (Nokian);Кузнец;+7 (917) 039-5589;shcherbakovmartin@mail.ru;1983-04-04;52043
Тихонов Лавр Елисеевич;Усть-Баргузин;ул. Черноморская, д. 6 стр. 3/9;ВЭБ.РФ;Лётчик;8 (377) 762-92-38;tfomin@yandex.ru;1988-02-05;53242
Лаврентьев Якуб Владиленович;Цимлянск;пр. Пролетарский, д. 9/1;Август;Актёр;8 516 201 1118;usergeev@hotmail.com;1995-09-05;28663
г-жа Владимирова Лора Григорьевна;Октябрьский (Башк.);наб. Пархоменко, д. 2 к. 600;Несте Санкт-Петербург (Neste);Профпатолог;8 605 128 4482;ratmir97@mail.ru;2001-06-13;183575
Василиса Никифоровна Соболева;Забайкальск;пр. Вишневый, д. 5 к. 3;Росжелдорпроект;Кассир;8 (098) 140-68-68;krasilnikovaagafja@mail.ru;1992-10-07;168112
Лазарева Мария Михайловна;Невинномысск;пр. Комарова, д. 8/4 к. 3;ГК 1520;Таксист;8 (940) 809-1987;romanovnikon@rambler.ru;1966-07-22;59412
Фадей Феоктистович Мишин;Бомнак;бул. 1 Мая, д. 726 стр. 513;Лаборатория Касперского;Столяр-краснодеревщик;8 985 074 2653;averjansemenov@yandex.ru;1998-05-02;150275
Трофимов Феоктист Васильевич;Звенигород;бул. Железнодорожный, д. 2;Сибтрейд;Коммерческий директор;+7 964 830 2083;kulikovafaina@rambler.ru;1955-11-01;109368
Виноградов Игорь Августович;Ардон;бул. Новостройка, д. 13 к. 4;Зерно-трейд;Фотомодель;8 819 478 76 31;kazimir90@hotmail.com;1965-04-05;141573
Макаров Самсон Адамович;Уфа;ш. Леонова, д. 5/1 стр. 81;Балтийская топливная компания;Крановщик;8 194 079 7684;ipati_26@hotmail.com;1950-12-25;58437
Уварова Наталья Натановна;Туапсе;пр. Просвещения, д. 47 стр. 64;Спортмастер;Начальник военного оркестра;+7 (610) 420-8979;panfilgorbachev@yahoo.com;1962-12-13;139061
Комиссарова Пелагея Максимовна;Москва, МГУ;бул. Большой, д. 8/4 к. 22;Борисхоф 1 (Inchcape);Диспетчер;8 327 453 23 28;ratmir59@yandex.ru;1974-06-03;126454
Молчанов Рюрик Дорофеевич;Североуральск;пр. Просвещения, д. 1/4 к. 8/1;Объединенная энергетическая компания;Геодезист;+7 (083) 197-75-78;kopilovaelena@mail.ru;1975-08-22;163922
Светлана Сергеевна Смирнова;Асбест;ш. 70 лет Октября, д. 941 к. 914;АСЦ-Холдинг;Кондитер;8 802 024 7002;evdokim1970@hotmail.com;2000-01-30;20137
Вацлав Фадеевич Некрасов;Волгоград;ш. Школьное, д. 1 стр. 2/5;Неофарм;Распиловщик;+7 (968) 268-21-44;mili_1980@hotmail.com;1990-06-20;156839
Марфа Святославовна Анисимова;Нижнеудинск;пр. Ватутина, д. 5/7;Группа ЭПМ;Модель;8 326 744 27 37;varlaam_2016@gmail.com;1965-07-19;22839
Пономарева Любовь Ниловна;Смоленск;бул. Энгельса, д. 8 к. 1;Снежная Королева;Лингвист;+7 665 255 3092;davidovfoma@mail.ru;1995-03-01;146044
Савельев Владислав Гурьевич;Ростов-на-Дону;наб. Элеваторная, д. 22 к. 4/9;Технониколь;Ювелир;8 101 907 25 66;komissarovasinklitikija@gmail.com;1971-04-17;169316
Комиссаров Самсон Харлампьевич;Калачинск;ул. Механизаторов, д. 6/8 к. 22;Объединенная судостроительная корпорация;Табунщик;+7 (386) 046-80-87;petuhovaoksana@gmail.com;1993-01-26;93007
Лобанова Зоя Вениаминовна;Братск;наб. Мирная, д. 6;Нестле Россия (Nestle);Автоэлектрик;+7 933 871 2211;demjan37@mail.ru;1990-09-15;27003
Носов Серафим Иларионович;Приморско-Ахтарск;алл. Вольная, д. 2/3;ЧТПЗ;Снабженец;+7 (587) 468-3482;andronbogdanov@yahoo.com;1966-12-26;62586
Карп Брониславович Фролов;Железногорск(Курск.);ул. Комсомольская, д. 7/3;Банковский холдинг Альфа-банка;Промышленный альпинист;+7 (952) 134-27-76;panfilovladimir@hotmail.com;1998-04-12;172529
Мартынова Ксения Святославовна;Сасово;алл. Тамбовская, д. 8/8;Леруа Мерлен Восток (Leroi Merlin);Гидролог;+7 609 565 1932;ilarion_1989@yandex.ru;1989-11-01;177956
Эмилия Богдановна Савина;Красноярск;ш. Машиностроителей, д. 8/3 к. 73;Солид-товарные рынки;Жиловщик/Обвальщик;+7 (124) 977-48-71;trifon_1994@gmail.com;1956-02-15;49649
Зыкова Александра Валентиновна;Мезень;наб. Амурская, д. 87 к. 4;ГК Автомир;Военный полицейский;8 499 049 21 13;nikonjakushev@yahoo.com;1953-04-02;33411
Ростислав Георгиевич Романов;Малгобек;ул. Загородная, д. 699 к. 294;Нефтехимсервис;Искусствовед;8 529 372 62 33;innokenti_2016@rambler.ru;1970-11-23;169456
Костин Остап Яковлевич;Прохладный;ш. Сурикова, д. 49 стр. 56;Уральские локомотивы;Борт-механик;8 447 389 3134;aleksandr2011@mail.ru;1972-01-02;103824
Варфоломей Валерьянович Тимофеев;Шамары;ш. Толстого, д. 9/2 к. 6;ФортеИнвест;Формовщик;+7 (857) 594-87-20;kuznetsovaivanna@yandex.ru;2001-09-16;23501
Архипова Феврония Рубеновна;Тымовское;наб. Волочаевская, д. 9/4 стр. 826;Хоум Кредит энд Финанс Банк (PPF);Тыловик;8 (482) 550-3416;ladislavsilin@yandex.ru;1999-01-24;118634
Елизавета Сергеевна Доронина;Семлячики;ш. Черноморское, д. 730;Башкирская содовая компания;Радиотелефонист;8 (507) 986-08-76;lazarkuzmin@mail.ru;1969-06-22;21841
Данилов Тит Власович;Кулунда;бул. Бригадный, д. 41;ОМК;Филолог;+7 757 068 7595;rjurik_2011@mail.ru;2001-11-02;119675
Кузьма Иларионович Матвеев;Холмогоры;пр. Достоевского, д. 3;Европа;Эндокринолог;+7 (623) 158-13-70;vissarionmatveev@hotmail.com;1966-11-26;189885
Наталья Натановна Панова;Губкинский;алл. Дальняя, д. 9 стр. 15;Астон;Писатель;+7 (920) 905-4158;zatsevazinaida@hotmail.com;1986-09-24;153676
Вера Тимуровна Красильникова;Каневская;наб. Приморская, д. 33 к. 9;Роскосмос;Агроном-почвовед;+7 476 093 7811;mihalovspartak@mail.ru;1970-06-03;70754
Болеслав Ермилович Герасимов;Муравленко;пер. Озерный, д. 270 к. 1;ФК Пульс;Фельдшер;+7 223 320 0366;kononovjulian@gmail.com;1956-07-28;191330
Фролова Полина Валериевна;Дудинка;пр. Сенной, д. 41 стр. 54;QIWI;Агроном-почвовед;+7 (813) 225-69-35;hristofor21@hotmail.com;1996-09-21;95578
Валерия Андреевна Вишнякова;Чокурдах;алл. Гоголя, д. 624;Русэнергоресурс;Нотариус;82230513452;ershovlev@yahoo.com;1962-05-02;180299
Казакова Надежда Наумовна;Вилюйск;пр. Новгородский, д. 5 стр. 8;НЗНП;Штукатур;8 921 135 4796;ermil96@rambler.ru;1992-06-06;113891
Петр Зиновьевич Алексеев;Ессентуки;пр. Мирный, д. 7/9;Международный аэропорт Шереметьево;Хлопокороб;+7 494 449 0027;elisenikonov@hotmail.com;1960-02-10;187423
Семенова Ирина Леонидовна;Сорочинск;наб. Сиреневая, д. 9/1 стр. 6/7;Новороссийский морской торговый порт;Кондитер;8 553 170 0283;jbikova@mail.ru;1978-12-13;21938
Ростислав Викторович Сергеев;Нягань;бул. Отрадный, д. 3/4 к. 2/1;Кока-Кола Эйчбиси Евразия (Coca-Cola);Гематолог;+7 (806) 952-5336;nikandrvinogradov@yandex.ru;1972-03-06;64179
Виктор Демьянович Козлов;Усть-Баргузин;ш. Запрудное, д. 215 стр. 78;ГК Агро-Белогорье;Врач УЗ-диагностики;8 (530) 248-6493;zahar_06@mail.ru;1998-03-22;47490
Белозерова Елизавета Артемовна;Кабанск;наб. Гагарина, д. 3/6;Стройгазмонтаж;Инженер-конструктор;8 973 201 9525;znoskov@hotmail.com;2002-11-22;140501
Бобылева Евгения Феликсовна;Тутаев;алл. Ставропольская, д. 95 стр. 565;Татэнерго;Бухгалтер;+7 451 030 7437;bespalovairina@yahoo.com;1971-11-25;143542
Громова Таисия Аскольдовна;Горячинск;алл. Химиков, д. 458 стр. 8/3;Щекиноазот;Подводник;+7 183 152 46 56;grishinmiroslav@gmail.com;1950-09-03;28547
Андреева Акулина Феликсовна;Шенкурск;пер. Стахановский, д. 6/4 к. 9;Объединенная энергетическая компания;Востоковед;81653590505;nikandrbelousov@gmail.com;1975-05-03;132900
Панкрат Захарьевич Осипов;Борзя;ул. Минина, д. 8;Скания-Русь (Scania);Связист;+70214276641;evstafi1999@yandex.ru;1985-05-01;20972
Лыткин Галактион Валерианович;Уссурийск;ул. Свободы, д. 86 стр. 354;Группа Магнезит;Типограф;+7 (753) 558-2994;januari1987@mail.ru;1958-04-05;158820
Марфа Наумовна Алексеева;Данков;бул. Урицкого, д. 1/8 к. 1/5;Транслом;Инкассатор;8 079 558 67 89;ernst_95@yandex.ru;1991-03-26;36318
Красильников Ананий Феоктистович;Нарым;пр. Ставропольский, д. 702;ГМК Сплав;Лекальщик;8 (121) 914-0150;kostinaklavdija@yahoo.com;1988-06-29;79909
Белоусов Дорофей Данилович;Набережные Челны;ул. Береговая, д. 12;Рулог (Havi);Диктор;+7 956 634 8579;demid_1988@hotmail.com;1996-06-24;169104
Мария Валериевна Рожкова;Жигулевск;ш. Высотное, д. 5;Сиско Солюшенз (Cisco);Балетмейстер;+7 (489) 172-3091;lavrentevnikita@gmail.com;2002-03-11;165107
Нонна Богдановна Быкова;Тихорецк;пр. Российский, д. 2/3 стр. 5/5;Завод имени Дегтярева;Каптенармус;8 661 014 5503;igor29@gmail.com;1962-10-10;96012
Архип Игнатович Сазонов;Хабаровск;пер. Больничный, д. 598 стр. 453;РКЦ Прогресс;Судебный пристав;+76723362781;tarasovkim@rambler.ru;1989-01-05;40183
Кира Федоровна Субботина;Киржач;пер. ДОС, д. 735;ГКНПЦ им. М.В.Хруничева;Дилер;+72569742974;dnekrasova@hotmail.com;1974-09-10;35298
Екатерина Богдановна Кулакова;Лабытнанги;наб. Дальневосточная, д. 619;Группа НПФ Благосостояние;Кондуктор;8 (784) 540-58-61;natanseliverstov@mail.ru;1984-12-05;65008
